Metric,Value
MSE,19324.219989016095
RMSE,139.0115822117571
R-squared,0.93654677421345
Explained Variance,0.9498317441261611
Max Error,421.66089020731596
Median Absolute Error,92.4354261475994
