Metric,Value,Model
MSE,6367.526589197707,LightGBM
RMSE,79.79678307549564,LightGBM
R-squared,0.9135068025754028,LightGBM
Explained Variance,0.9156730397027113,LightGBM
Max Error,440.5887258165228,LightGBM
Median Absolute Error,35.90852426063301,LightGBM
