Metric,Value,Model
MSE,5652.8072197118445,XGBoost
RMSE,75.18515292071862,XGBoost
R-squared,0.9232151819063972,XGBoost
Explained Variance,0.9269173350332807,XGBoost
Max Error,440.24962524414065,XGBoost
Median Absolute Error,36.924183044433605,XGBoost
