Metric,Value
MSE,4319.567131816287
RMSE,65.72341387828456
R-squared,0.9413252277022589
Explained Variance,0.9465574738551181
Max Error,466.06424780274216
Median Absolute Error,31.611098734144377
