Metric,Value
MSE,6058.647559972982
RMSE,126.72271919420362
R-squared,0.947269644517151
Explained Variance,0.9497440320403674
Max Error,346.0355371093751
Median Absolute Error,69.42230957031234
