Metric,Value
MSE,2493.7257738651147
RMSE,49.9372183232618
R-squared,0.8411513433645639
Explained Variance,0.8518027760604183
Max Error,263.31117795567246
Median Absolute Error,28.89872176463217
