Metric,Value
MSE,2842.9690576057355
RMSE,53.31949978765494
R-squared,0.8189047807943899
Explained Variance,0.8210948105720738
Max Error,269.39286041259766
Median Absolute Error,28.64046691894532
